path	title	trigger	disabled	isTriggered	isDebug
/Branches/ATETS-3_AT_F/model_control	none	none	true	false	true
/Branches/Agadyr_500_AT1H_F/model_control	none	none	true	false	true
/Branches/AksuGRES_220_AT3_F/model_control	none	none	true	false	true
/Branches/Alma_220_AT-1_F/model_control	none	none	true	false	true
/Branches/Alma_220_AT-2_F/model_control	none	none	true	false	true
/Branches/Almaty_220_AT-1_F/model_control	none	none	true	false	true
/Branches/Almaty_220_AT-2_F/model_control	none	none	true	false	true
/Branches/Balkhashskaya_AT_F/model_control	none	none	true	false	true
/Branches/CGPP_500_FAT3_F/model_control	none	none	true	false	true
/Branches/CGPP_500_FAT4_F/model_control	none	none	true	false	true
/Branches/EEC_500_blok_5-8_F/model_control	none	none	true	false	true
/Branches/EGRES-1_500_T3-8_F/model_control	none	none	true	false	true
/Branches/EGRES-1_T1-2_F/model_control	none	none	true	false	true
/Branches/EGRES-2_500_20_T_F/model_control	none	none	true	false	true
/Branches/EGRES1_220_AT11_F/model_control	none	none	true	false	true
/Branches/Frunze500_200_AT1_F/model_control	none	none	true	false	true
/Branches/Frunze500_200_AT2_F/model_control	none	none	true	false	true
/Branches/Kar.GRES-2_AT_F/model_control	none	none	true	false	true
/Branches/Kumkol_AT_F/model_control	none	none	true	false	true
/Branches/Nura_500_AT-1_F/model_control	none	none	true	false	true
/Branches/PS7-AHBK_AT_F/model_control	none	none	true	false	true
/Branches/Semei_220_AT1_F/model_control	none	none	true	false	true
/Branches/Shu500_220_FAT3_F/model_control	none	none	true	false	true
/Branches/Shym500_220_AT1_F/model_control	none	none	true	false	true
/Branches/Shym500_220_AT3_F/model_control	none	none	true	false	true
/Branches/TaldK500_220_AT-1_F/model_control	none	none	true	false	true
/Branches/TashTES_AT_F/model_control	none	none	true	false	true
/Branches/UKGRES_220_AT1_F/model_control	none	none	true	false	true
/Branches/Ust-Kam_220_AT1_F/model_control	none	none	true	false	true
/Branches/Ust-Kam_220_AT2_F/model_control	none	none	true	false	true
/Branches/VL1101_F/model_control	none	none	true	false	true
/Branches/VL1102_F/model_control	none	none	true	false	true
/Branches/VL1103_F/model_control	none	none	true	false	true
/Branches/VL1104_F/model_control	none	none	true	false	true
/Branches/VL2013_F/model_control	none	none	true	false	true
/Branches/VL2023_F/model_control	none	none	true	false	true
/Branches/VL2053_F/model_control	none	none	true	false	true
/Branches/VL2163_F/model_control	none	none	true	false	true
/Branches/VL2173_F/model_control	none	none	true	false	true
/Branches/VL2183_F/model_control	none	none	true	false	true
/Branches/VL2193_F/model_control	none	none	true	false	true
/Branches/VL2208_F/model_control	none	none	true	false	true
/Branches/VL2233_F/model_control	none	none	true	false	true
/Branches/VL2249_F/model_control	none	none	true	false	true
/Branches/VL2309_F/model_control	none	none	true	false	true
/Branches/VL2319_F/model_control	none	none	true	false	true
/Branches/VL2349_F/model_control	none	none	true	false	true
/Branches/VL2373_F/model_control	none	none	true	false	true
/Branches/VL2383_F/model_control	none	none	true	false	true
/Branches/VL2419_F/model_control	none	none	true	false	true
/Branches/VL2428_F/model_control	none	none	true	false	true
/Branches/VL2429_F/model_control	none	none	true	false	true
/Branches/VL2433_F/model_control	none	none	true	false	true
/Branches/VL2438_F/model_control	none	none	true	false	true
/Branches/VL2439_F/model_control	none	none	true	false	true
/Branches/VL2448_F/model_control	none	none	true	false	true
/Branches/VL2449_F/model_control	none	none	true	false	true
/Branches/VL2463_F/model_control	none	none	true	false	true
/Branches/VL2519_F/model_control	none	none	true	false	true
/Branches/VL2529_F/model_control	none	none	true	false	true
/Branches/VL2539_F/model_control	none	none	true	false	true
/Branches/VL2549_F/model_control	none	none	true	false	true
/Branches/VL2773_F/model_control	none	none	true	false	true
/Branches/VL5017_F/model_control	none	none	true	false	true
/Branches/VL5019_F/model_control	none	none	true	false	true
/Branches/VL5050_F/model_control	none	none	true	false	true
/Branches/VL5071_F/model_control	none	none	true	false	true
/Branches/VL5086_F/model_control	none	none	true	false	true
/Branches/VL5096_F/model_control	none	none	true	false	true
/Branches/VL5107_F/model_control	none	none	true	false	true
/Branches/VL5117_F/model_control	none	none	true	false	true
/Branches/VL5120_F/model_control	none	none	true	false	true
/Branches/VL5138_F/model_control	none	none	true	false	true
/Branches/VL5143_F/model_control	none	none	true	false	true
/Branches/VL5148_F/model_control	none	none	true	false	true
/Branches/VL5159_F/model_control	none	none	true	false	true
/Branches/VL5169_F/model_control	none	none	true	false	true
/Branches/VL5170_F/model_control	none	none	true	false	true
/Branches/VL5191_F/model_control	none	none	true	false	true
/Branches/VL5201_F/model_control	none	none	true	false	true
/Branches/VL522_F/model_control	none	none	true	false	true
/Branches/VL5300_F/model_control	none	none	true	false	true
/Branches/VL5313_F/model_control	none	none	true	false	true
/Branches/VL5320_F/model_control	none	none	true	false	true
/Branches/VL532_F/model_control	none	none	true	false	true
/Branches/VL5333_F/model_control	none	none	true	false	true
/Branches/VL533_F/model_control	none	none	true	false	true
/Branches/VL5343_F/model_control	none	none	true	false	true
/Branches/VL534_F/model_control	none	none	true	false	true
/Branches/VL5353_F/model_control	none	none	true	false	true
/Branches/VL5363_F/model_control	none	none	true	false	true
/Branches/VL5370_F/model_control	none	none	true	false	true
/Branches/VL5384_F/model_control	none	none	true	false	true
/Branches/VL5394_F/model_control	none	none	true	false	true
/Branches/VL5400_F/model_control	none	none	true	false	true
/Branches/VL5413_F/model_control	none	none	true	false	true
/Branches/VL551_F/model_control	none	none	true	false	true
/Branches/VL5527_F/model_control	none	none	true	false	true
/Branches/VL5537_F/model_control	none	none	true	false	true
/Branches/VL5544_F/model_control	none	none	true	false	true
/Branches/VL555_F/model_control	none	none	true	false	true
/Branches/VL5561_F/model_control	none	none	true	false	true
/Branches/VL5577_F/model_control	none	none	true	false	true
/Branches/VL558_F/model_control	none	none	true	false	true
/Branches/VL559_F/model_control	none	none	true	false	true
/Branches/VL567_F/model_control	none	none	true	false	true
/Branches/VL5716_F/model_control	none	none	true	false	true
/Branches/VL5726_F/model_control	none	none	true	false	true
/Branches/VL5736_F/model_control	none	none	true	false	true
/Branches/VL5817_F/model_control	none	none	true	false	true
/Branches/VL5827_F/model_control	none	none	true	false	true
/Branches/VL595_F/model_control	none	none	true	false	true
/Branches/VL596_F/model_control	none	none	true	false	true
/Branches/VL_ekv_ATETS-3-Alma220_F/model_control	none	none	true	false	true
/Branches/VL_ekv_agadyr-pu_kargres_agadyr _F/model_control	none	none	true	false	true
/Branches/VL_ekv_alma-pu_almaty_alma_F/model_control	none	none	true	false	true
/Branches/VL_ekv_almaty-pu_almaty_alma_F/model_control	none	none	true	false	true
/Branches/VL_ekv_altai_sibir_F/model_control	none	none	true	false	true
/Branches/VL_ekv_balkhashskaya-pu_kargres_balkhashskaya_F/model_control	none	none	true	false	true
/Branches/VL_ekv_cgpp-pu_cgpp_egres_1_F/model_control	none	none	true	false	true
/Branches/VL_ekv_cgpp-pu_cgpp_oskarovka_F/model_control	none	none	true	false	true
/Branches/VL_ekv_eec-pu_eec_semey_F/model_control	none	none	true	false	true
/Branches/VL_ekv_eec-pu_egres_eec_F/model_control	none	none	true	false	true
/Branches/VL_ekv_egres-pu_egres_eec_F/model_control	none	none	true	false	true
/Branches/VL_ekv_egres_1-pu_cgpp_egres_1_F/model_control	none	none	true	false	true
/Branches/VL_ekv_egres_1-pu_egres_1_oskarovka_F/model_control	none	none	true	false	true
/Branches/VL_ekv_frunze-ca_1_F/model_control	none	none	true	false	true
/Branches/VL_ekv_frunze-pu_glavnaya_frunze_F/model_control	none	none	true	false	true
/Branches/VL_ekv_frunze-pu_kemin_frunze_F/model_control	none	none	true	false	true
/Branches/VL_ekv_glavnaya-pu_glavnaya_frunze_F/model_control	none	none	true	false	true
/Branches/VL_ekv_glavnaya-pu_glavnaya_kemin_F/model_control	none	none	true	false	true
/Branches/VL_ekv_karazhal-pu_kargres_karazhal_F/model_control	none	none	true	false	true
/Branches/VL_ekv_karazhal-pu_zhezkazgan_karazhal_F/model_control	none	none	true	false	true
/Branches/VL_ekv_kargres-pu_kargres_agadyr_F/model_control	none	none	true	false	true
/Branches/VL_ekv_kargres-pu_kargres_balkhashskaya_F/model_control	none	none	true	false	true
/Branches/VL_ekv_kargres-pu_kargres_karazhal_F/model_control	none	none	true	false	true
/Branches/VL_ekv_kargres-pu_kargres_nura_F/model_control	none	none	true	false	true
/Branches/VL_ekv_kargres_2-pu_kargres_2_oskarovka_F/model_control	none	none	true	false	true
/Branches/VL_ekv_kemin-pu_glavnaya_kemin _F/model_control	none	none	true	false	true
/Branches/VL_ekv_kemin-pu_kemin_frunze_F/model_control	none	none	true	false	true
/Branches/VL_ekv_kentau-pu_kentau_zhambyl_F/model_control	none	none	true	false	true
/Branches/VL_ekv_koyan_kos-atets_3_F/model_control	none	none	true	false	true
/Branches/VL_ekv_kumkol-pu_kyzylorda_kumkol_F/model_control	none	none	true	false	true
/Branches/VL_ekv_kyzylorda-pu_kyzylorda_kumkol_F/model_control	none	none	true	false	true
/Branches/VL_ekv_kyzylorda-pu_ru_6_kyzylorda_F/model_control	none	none	true	false	true
/Branches/VL_ekv_moiynty-pu_moiynty_ukgres_F/model_control	none	none	true	false	true
/Branches/VL_ekv_nura-pu_kargres_nura_F/model_control	none	none	true	false	true
/Branches/VL_ekv_oskarovka-pu_cgpp_oskarovka_F/model_control	none	none	true	false	true
/Branches/VL_ekv_oskarovka-pu_egres_1_oskarovka_F/model_control	none	none	true	false	true
/Branches/VL_ekv_oskarovka-pu_kargres_2_oskarovka_F/model_control	none	none	true	false	true
/Branches/VL_ekv_ps7_ahbk-koyan_kos_F/model_control	none	none	true	false	true
/Branches/VL_ekv_pu_zhgres_frunze-frunze220_F/model_control	none	none	true	false	true
/Branches/VL_ekv_robot-pu_taldykorgan_robot_F/model_control	none	none	true	false	true
/Branches/VL_ekv_ru_6-pu_ru_6_kyzylorda_F/model_control	none	none	true	false	true
/Branches/VL_ekv_semey-pu_eec_semey_F/model_control	none	none	true	false	true
/Branches/VL_ekv_semey-pu_semey_uk_F/model_control	none	none	true	false	true
/Branches/VL_ekv_shu-pu_ukgres_shu_F/model_control	none	none	true	false	true
/Branches/VL_ekv_shymkent-pu_shymkent_zhambyl_F/model_control	none	none	true	false	true
/Branches/VL_ekv_shymkent-pu_shymkent_zhylga_F/model_control	none	none	true	false	true
/Branches/VL_ekv_taldykorgan-pu_taldykorgan_robot_F/model_control	none	none	true	false	true
/Branches/VL_ekv_uk-pu_semey_uk_F/model_control	none	none	true	false	true
/Branches/VL_ekv_ukgres-pu_moiynty_ukgres_F/model_control	none	none	true	false	true
/Branches/VL_ekv_ukgres-pu_ukgres_shu_F/model_control	none	none	true	false	true
/Branches/VL_ekv_zhambyl-pu_kentau_zhambyl_F/model_control	none	none	true	false	true
/Branches/VL_ekv_zhambyl-pu_shymkent_zhambyl_F/model_control	none	none	true	false	true
/Branches/VL_ekv_zhambyl_zhgres/model_control	none	none	true	false	true
/Branches/VL_ekv_zhezkazgan-kumkol_F/model_control	none	none	true	false	true
/Branches/VL_ekv_zhezkazgan-pu_zhezkazgan_karazhal_F/model_control	none	none	true	false	true
/Branches/VL_ekv_zhgres-pu_frunze_zhgres_F/model_control	none	none	true	false	true
/Branches/VL_ekv_zhylga-pu_shymkent_zhylga_F/model_control	none	none	true	false	true
/Branches/VL_irgres_magnitrf_F/model_control	none	none	true	false	true
/Branches/VL_kozirevo_kurgan_F/model_control	none	none	true	false	true
/Branches/VL_kozirevo_shagol_F/model_control	none	none	true	false	true
/Branches/VL_magnitrf_trgres_F/model_control	none	none	true	false	true
/Branches/VL_shagol_cheliabinsk_F/model_control	none	none	true	false	true
/Branches/VL_shagol_ujurgres_F/model_control	none	none	true	false	true
/Branches/VL_ujurgres_trgres_F/model_control	none	none	true	false	true
/Branches/Zambul_220_AT-1_F/model_control	none	none	true	false	true
/Branches/Zhezkaz_500_AT1H_F/model_control	none	none	true	false	true
/Nodes/ATETS-3_F/model_control	none	87	false	false	true
/Nodes/ATETS-3_F/u110/model_control	none	88	false	false	true
/Nodes/Agadyr_F/model_control	none	87	false	false	true
/Nodes/Agadyr_F/u220/model_control	none	133	false	false	true
/Nodes/Aktogay_F/model_control	none	87	false	false	true
/Nodes/Alma_F/model_control	none	87	false	false	true
/Nodes/Alma_F/u220/model_control	none	87	false	false	true
/Nodes/Almaty_F/model_control	none	87	false	false	true
/Nodes/Almaty_F/u220/model_control	none	87	false	false	true
/Nodes/Altai_F/model_control	none	87	false	false	true
/Nodes/Aspara_220_F/model_control	none	87	false	false	true
/Nodes/Avrora_F/model_control	none	87	false	false	true
/Nodes/Balkhashskaya_F/model_control	none	87	false	false	true
/Nodes/Balkhashskaya_F/u110/model_control	none	88	false	false	true
/Nodes/Barabinskaya_F/model_control	none	88	false	false	true
/Nodes/Barnaul_F/model_control	none	87	false	false	true
/Nodes/CA-1_F/model_control	none	87	false	false	true
/Nodes/CGPP_F/model_control	none	87	false	false	true
/Nodes/CGPP_F/u220/model_control	none	87	false	false	true
/Nodes/Cheliabinsk_F/model_control	none	88	false	false	true
/Nodes/EEC_F/bl5-8/model_control	none	87	false	false	true
/Nodes/EEC_F/model_control	none	87	false	false	true
/Nodes/EEC_F/u220/model_control	none	87	false	false	true
/Nodes/EGRES-1_F/bl2/model_control	none	87	false	false	true
/Nodes/EGRES-1_F/model_control	none	87	false	false	true
/Nodes/EGRES-1_F/u20/model_control	none	87	false	false	true
/Nodes/EGRES-1_F/u220/model_control	none	87	false	false	true
/Nodes/EGRES-2_F/model_control	none	87	false	false	true
/Nodes/EGRES-2_F/u20/model_control	none	87	false	false	true
/Nodes/EK-1150_F/model_control	none	87	false	false	true
/Nodes/Frunze_F/model_control	none	87	false	false	true
/Nodes/Frunze_F/u220/model_control	none	87	false	false	true
/Nodes/Glavnaya_220_F/model_control	none	87	false	false	true
/Nodes/IrGRES_F/model_control	none	88	false	false	true
/Nodes/Irtyshskaya_F/model_control	none	88	false	false	true
/Nodes/Kar.GRES-2_F/model_control	none	88	false	false	true
/Nodes/Kar.GRES-2_F/u110/model_control	none	88	false	false	true
/Nodes/Karazhal_220_F/model_control	none	88	false	false	true
/Nodes/Kemin_220_F/model_control	none	88	false	false	true
/Nodes/Kentau_F/model_control	none	88	false	false	true
/Nodes/Kokshetau_F/model_control	none	88	false	false	true
/Nodes/Kostanai_F/model_control	none	88	false	false	true
/Nodes/Koyan-Kos_220_F/model_control	none	88	false	false	true
/Nodes/Kozirevo_F/model_control	none	88	false	false	true
/Nodes/Kumkol_220_F/model_control	none	88	false	false	true
/Nodes/Kumkol_220_F/u110/model_control	none	88	false	false	true
/Nodes/Kurgan_F/model_control	none	88	false	false	true
/Nodes/Kyzylorda_220_F/model_control	none	88	false	true	true
/Nodes/MagnitRF_F/model_control	none	88	false	false	true
/Nodes/Medeo_220_F/model_control	none	88	false	true	true
/Nodes/Mirgalimsai_F/model_control	none	88	false	true	true
/Nodes/MoinakGES_220_F/model_control	none	88	false	false	true
/Nodes/Mointy_220_F/model_control	none	88	false	true	true
/Nodes/Nura_F/model_control	none	88	false	true	true
/Nodes/Nura_F/u220/model_control	none	87	false	false	true
/Nodes/Oskarovka-220_F/model_control	none	87	false	false	true
/Nodes/PS-EGPP_F/model_control	none	87	false	false	true
/Nodes/PS7-AHBK_F/model_control	none	87	false	false	true
/Nodes/PS7-AHBK_F/u110/model_control	none	88	false	false	true
/Nodes/Robot_F/model_control	none	88	false	false	true
/Nodes/Ru-6_F/model_control	none	88	false	false	true
/Nodes/Rubtsovsk_F/model_control	none	88	false	false	true
/Nodes/Semey_F/model_control	none	88	false	false	true
/Nodes/Semey_F/u220/model_control	none	88	false	false	true
/Nodes/Shagol_F/model_control	none	88	false	false	true
/Nodes/Shilik_220_F/model_control	none	88	false	false	true
/Nodes/Shu_F/model_control	none	88	false	false	true
/Nodes/Shu_F/u220/model_control	none	87	false	false	true
/Nodes/Shymkent_F/model_control	none	88	false	false	true
/Nodes/Shymkent_F/u220/model_control	none	88	false	false	true
/Nodes/Shymkentskaya_F/model_control	none	88	false	false	true
/Nodes/Sibir_F/model_control	none	88	false	false	true
/Nodes/Sistema-Ural_F/model_control	none	88	false	false	true
/Nodes/Sokol_F/model_control	none	88	false	false	true
/Nodes/Taldykorgan_F/model_control	none	88	false	false	true
/Nodes/Taldykorgan_F/u220/model_control	none	88	false	false	true
/Nodes/TashGRES_F/model_control	none	88	false	false	true
/Nodes/TashGRES_F/u220/model_control	none	88	false	false	true
/Nodes/Tashkent_F/model_control	none	88	false	false	true
/Nodes/Tavricheskaya_F/model_control	none	88	false	false	true
/Nodes/TrGRES_F/model_control	none	88	false	false	true
/Nodes/UKGRES_F/model_control	none	88	false	false	true
/Nodes/UKGRES_F/u220/model_control	none	88	false	false	true
/Nodes/UjUrGRES_F/model_control	none	88	false	false	true
/Nodes/Usti-Kamenogorsk_F/model_control	none	88	false	false	true
/Nodes/Usti-Kamenogorsk_F/u220/model_control	none	88	false	false	true
/Nodes/VityazRF_F/model_control	none	88	false	false	true
/Nodes/VoshodRF_F/model_control	none	88	false	false	true
/Nodes/Zapadnaya_220_F/model_control	none	88	false	false	true
/Nodes/Zarya_F/model_control	none	88	false	false	true
/Nodes/ZhGRES_220_F/model_control	none	88	false	false	true
/Nodes/Zhambyl_F/model_control	none	88	false	false	true
/Nodes/Zhambyl_F/u220/model_control	none	88	false	false	true
/Nodes/Zhanakorgan_F/model_control	none	88	false	false	true
/Nodes/Zhezkazgan_F/model_control	none	88	false	false	true
/Nodes/Zhezkazgan_F/u220/model_control	none	88	false	false	true
/Nodes/Zhylga_220_F/model_control	none	88	false	false	true
/Nodes/pu_Almaty_Alma_F/model_control	none	88	false	true	true
/Nodes/pu_CGPP_EGRES-1_F/model_control	none	88	false	true	true
/Nodes/pu_CGPP_Oskarovka_F/model_control	none	87	false	false	true
/Nodes/pu_EEC_Semey_F/model_control	none	87	false	false	true
/Nodes/pu_EGRES-1_EEC_F/model_control	none	87	false	false	true
/Nodes/pu_EGRES-1_Oskarovka_F/model_control	none	87	false	false	true
/Nodes/pu_Frunze_Kemin_F/model_control	none	87	false	false	true
/Nodes/pu_GNPS_F/model_control	none	87	false	false	true
/Nodes/pu_Glavnaya_Frunze_F/model_control	none	87	false	false	true
/Nodes/pu_Glavnaya_Kemin_F/model_control	none	87	false	false	true
/Nodes/pu_KarGRES_Agadyr_F/model_control	none	87	false	false	true
/Nodes/pu_KarGRES_Balkhashskaya_F/model_control	none	87	false	false	true
/Nodes/pu_KarGRES_Karazhal_F/model_control	none	87	false	false	true
/Nodes/pu_KarGRES_Nura_F/model_control	none	87	false	false	true
/Nodes/pu_KarGRES_Oskarovka_F/model_control	none	88	false	false	true
/Nodes/pu_Kentau_Zhambyl_220_F/model_control	none	87	false	false	true
/Nodes/pu_Kyzylorda_Kumkol_F/model_control	none	87	false	false	true
/Nodes/pu_Mointy_UkGRES_F/model_control	none	87	false	false	true
/Nodes/pu_Ru-6_Kyzylorda_F/model_control	none	87	false	false	true
/Nodes/pu_Semey_U-K_F/model_control	none	87	false	false	true
/Nodes/pu_Shymkent_220_Zhylga_F/model_control	none	87	false	false	true
/Nodes/pu_Taldykorgan_Robot_F/model_control	none	88	false	false	true
/Nodes/pu_UkGRES_Shu_F/model_control	none	88	false	false	true
/Nodes/pu_ZhGRES_Frunze_F/model_control	none	88	false	false	true
/Nodes/pu_Zhambyl_Shymkent_F/model_control	none	88	false	false	true
/Nodes/pu_Zhezkazgan_Karazhal_F/model_control	none	88	false	false	true
/Sections/ss1/model_control	none	0	true	false	true
/Sections/ss2/model_control	none	49	false	true	true
/Sections/ss3/model_control	none	0	true	false	true
